dba,violation_code,DistinctCount,TotalLocations
KUU,08A,2,2
KUU,02B,2,2
COCO,02B,2,2
HAAB,08A,2,2
HAAB,04L,2,2
MOLE,08A,2,2
MOLE,04L,2,2
MOLE,04A,2,2
OBAO,10F,2,2
PARM,10F,2,2
RIKO,08A,2,2
RIKO,04L,2,2
WILD,10F,2,2
WILD,02G,2,2
BLEND,02G,2,2
DIMES,10F,2,2
FONDA,10B,2,2
MUNCH,08A,2,2
PATIS,04N,2,2
SMOKE,02B,2,2
BAKERI,04L,2,2
CHINAH,10F,2,2
CHINAH,06C,2,2
DISHES,08A,2,2
EL REY,10F,2,2
EL REY,08A,2,2
EL REY,04N,2,2
IGGY'S,10F,2,2
JICAMA,10F,2,2
OOTOYA,10H,2,2
OVENLY,08A,2,2
SPOONS,06D,2,2
TEAZZI,08A,2,2
TEAZZI,04A,2,2
WASABI,10F,2,2
WASABI,08A,2,2
WASABI,02G,2,2
WONDER,10H,2,2
ZIGGLE,10G,2,2
ZIGGLE,08A,2,2
ZIGGLE,04N,2,2
BELLINI,06D,2,2
BOWLERO,06D,2,2
CHANSON,04A,2,2
DEJA VU,08C,2,2
DEJA VU,10F,2,2
HANCO'S,06D,2,2
HANCO'S,02G,2,2
HANCO'S,08A,2,2
HANCO'S,10F,2,2
IBAKERY,04L,2,2
IBAKERY,06C,2,2
MR. BAO,02B,2,2
TAP NYC,10F,2,2
TSAOCAA,10F,2,2
VARIETY,10F,2,2
$1 PIZZA,02G,2,2
ARTURO'S,10F,2,2
CAFE 101,09C,2,2
CHIKURIN,10F,2,2
EGG SHOP,08A,2,2
EGG SHOP,04L,2,2
FRESH&CO,10F,2,2
FRESH&CO,06D,2,2
GEORGE'S,10F,2,2
GYRO HUT,10F,2,2
GYU-KAKU,08A,2,2
Gong Cha,10F,2,2
IPIZZANY,06C,2,2
IPIZZANY,04K,2,2
IPIZZANY,02B,2,2
JUNIOR'S,10F,2,2
KI SUSHI,10F,2,2
KRAVE IT,10F,2,2
KYURAMEN,02G,2,2
MARINARA,02B,2,2
MY PIZZA,10F,2,2
NUR THAI,10B,2,2
PITA PAN,10F,2,2
RED POKE,10F,2,2
SEA WOLF,10F,2,2
SUSHI ZO,06C,2,2
TACO MIX,10F,2,2
THAI 101,10F,2,2
THE MILL,10F,2,2
TOP THAI,10F,2,2
YOSWEETS,10F,2,2
BAMBOO YA,10F,2,2
BAR BRUNO,10F,2,2
BAR BRUNO,09C,2,2
BAR BRUNO,06C,2,2
BEST DELI,06D,2,2
BOUCHERIE,06D,2,2
CARMINE'S,10F,2,2
CHINA ONE,10F,2,2
DI FARINA,02B,2,2
DUN HUANG,10E,2,2
DUN HUANG,10B,2,2
DUN HUANG,10F,2,2
FIELDTRIP,10F,2,2
GRAB & GO,10F,2,2
HALF MOON,10F,2,2
INES CAFE,08A,2,2
INES CAFE,04L,2,2
JIN RAMEN,10F,2,2
KONDITORI,08A,2,2
KONDITORI,04L,2,2
LA CABANA,10B,2,2
LOBO LOCO,10F,2,2
LOBO LOCO,08A,2,2
MAMA TACO,10F,2,2
MARRAKECH,10F,2,2
NESPRESSO,06D,2,2
NESPRESSO,10F,2,2
NISH NUSH,10F,2,2
OBA GRILL,10F,2,2
PIO BAGEL,10F,2,2
PIO BAGEL,10B,2,2
ROBERTA'S,04N,2,2
ROBERTA'S,08A,2,2
SPRINKLES,10F,2,2
STOUT NYC,10F,2,2
SUSHI KAI,10B,2,2
THAI TREE,10F,2,2
TIO NACHO,10F,2,2
Taco Bell,10F,2,2
AMITY HALL,02G,2,2
BAGEL CLUB,10F,2,2
BEST PIZZA,08A,2,2
CAFFE BENE,10F,2,2
CAVA GRILL,08A,2,2
CAVA GRILL,04N,2,2
CAVA GRILL,06D,2,2
CHOTE MIYA,10F,2,2
CONNOLLY'S,08A,2,2
DESI GALLI,08A,2,2
DESI GALLI,04L,2,2
DESI GALLI,10B,2,2
FRESH TACO,09C,2,2
GARDEN PUB,,2,2
HALAL BROS,10B,2,2
JONGRO BBQ,02G,2,2
KAFFE 1668,06D,2,2
KAFFE 1668,10F,2,2
KING'S WOK,08A,2,2
KOKO WINGS,08A,2,2
KOKO WINGS,04L,2,2
KOKO WINGS,10F,2,2
LA NORTENA,06A,2,2
LA NORTENA,10F,2,2
LUNA PIZZA,10F,2,2
MISS KOREA,10F,2,2
MOMO RAMEN,10F,2,2
MOMO RAMEN,08A,2,2
OC DESSERT,06D,2,2
PATRICIA'S,10F,2,2
PIZZA PLUS,10F,2,2
PIZZA STOP,10F,2,2
PLAYGROUND,02G,2,2
PLAZA CAFE,06C,2,2
RAMEN SPOT,08A,2,2
RAMEN SPOT,04M,2,2
ROSEMARY'S,08A,2,2
ROSEMARY'S,04N,2,2
SIPPY CAFE,06D,2,2
SWEET CAKE,06C,2,2
SWEET CAKE,10F,2,2
TACO VELOZ,10H,2,2
TASTE GOOD,06C,2,2
URBAN POPS,10F,2,2
URBAN POPS,04A,2,2
WING WORLD,10F,2,2
ASIA HARBOR,10F,2,2
BARLEY TIME,10B,2,2
BLUE COLLAR,10B,2,2
BURGEROLOGY,02B,2,2
CAFE FRESCO,06C,2,2
CAFE GOSSIP,10B,2,2
CAFE GOSSIP,10F,2,2
COOK EATERY,09A,2,2
EMPIRE EAST,08A,2,2
EMPIRE EAST,04N,2,2
FIX-U-PLATE,10F,2,2
FIX-U-PLATE,02B,2,2
GOLDEN RING,02B,2,2
GOLDEN RING,10F,2,2
GOLDEN STAR,04L,2,2
GOLDEN STAR,08A,2,2
GORIN RAMEN,06D,2,2
GRILL POINT,10F,2,2
KIKOO SUSHI,02B,2,2
LA JUGUERIA,06E,2,2
METRO DINER,10F,2,2
MIKE'S DELI,02B,2,2
MIKE'S DELI,08A,2,2
MILK & PULL,08A,2,2
MILK & PULL,04N,2,2
NEW KAM LAI,10F,2,2
PADI D' NYC,10H,2,2
PIC UP STIX,04L,2,2
PIC UP STIX,10F,2,2
PIC UP STIX,08A,2,2
PLANET TACO,08A,2,2
PLANET TACO,04N,2,2
RUBY'S CAFE,10F,2,2
STREET TACO,02G,2,2
STREET TACO,10B,2,2
SUBSATIONAL,10F,2,2
TAIYAKI NYC,10F,2,2
TENG DRAGON,02B,2,2
THE IZAKAYA,10F,2,2
THE IZAKAYA,06D,2,2
TOTTO RAMEN,04L,2,2
TOTTO RAMEN,10B,2,2
TOTTO RAMEN,08A,2,2
YOGURT CITY,10F,2,2
AJISEN RAMEN,10F,2,2
ASHOKA GRILL,10F,2,2
ASHOKA GRILL,08C,2,2
ASHOKA GRILL,04M,2,2
BAGEL MARKET,02G,2,2
BAKE CULTURE,06D,2,2
BB JUICE BAR,04L,2,2
BB JUICE BAR,08A,2,2
BB JUICE BAR,04N,2,2
BEYOND SUSHI,06C,2,2
BLUE TIJUANA,10F,2,2
BOMBAY GRILL,02G,2,2
BULBAP GRILL,08A,2,2
CAFE MOGADOR,10B,2,2
CANAAN BREAD,02B,2,2
CLAW DADDY'S,10F,2,2
COMMONS CAFE,06D,2,2
E.A.K. RAMEN,10F,2,2
E.A.K. RAMEN,08A,2,2
E.A.K. RAMEN,04L,2,2
FLOR DE MAYO,06D,2,2
GREEN GARDEN,10F,2,2
GREEN GARDEN,04L,2,2
GUANTANAMERA,06C,2,2
HILL COUNTRY,10F,2,2
ISTANBUL BAY,10B,2,2
L.A. BURRITO,10F,2,2
M & W BAKERY,10F,2,2
MIKE'S DINER,10F,2,2
MYRTLE BAGEL,10F,2,2
MYRTLE BAGEL,06C,2,2
OLLIES TO GO,10F,2,2
PATIS BAKERY,10F,2,2
PATIS BAKERY,06D,2,2
PICK-A-BAGEL,10F,2,2
PLANET WINGS,06D,2,2
SABA'S PIZZA,04L,2,2
SABA'S PIZZA,08A,2,2
SAM WON GAHK,10F,2,2
SAM WON GAHK,10B,2,2
SENZA GLUTEN,06C,2,2
SQUARE PIZZA,08A,2,2
TEA AND MILK,10F,2,2
THE GREY DOG,10F,2,2
VERONA PIZZA,10B,2,2
YAH SUH NYCE,10B,2,2
7 GRAMS CAFFE,06D,2,2
7 GRAMS CAFFE,10F,2,2
99 CENT PIZZA,08A,2,2
ANDIAMO PIZZA,04N,2,2
ARRIBA ARRIBA,10B,2,2
Auntie Anne's,06F,2,2
BG RESTAURANT,06D,2,2
CHICKEN RANCH,06D,2,2
CHINA GOURMET,08A,2,2
CRAFT + CARRY,04A,2,2
DAISY'S DINER,10F,2,2
DAISY'S DINER,06C,2,2
EL BUEN SABOR,10F,2,2
EL VIEJO YAYO,10F,2,2
EMPIRE GARDEN,10F,2,2
FORTY CARROTS,08A,2,2
FRUITTI YUMMI,10F,2,2
GOLDEN DRAGON,02B,2,2
HA BO KITCHEN,10F,2,2
HALAL KITCHEN,02G,2,2
HUNAN DELIGHT,06C,2,2
KISS MY SLICE,10F,2,2
KORN'S BAKERY,06C,2,2
KORONET PIZZA,04L,2,2
KORONET PIZZA,04H,2,2
KORONET PIZZA,08A,2,2
KULU DESSERTS,06D,2,2
LA VERA PIZZA,10F,2,2
LA VERA PIZZA,10H,2,2
NEW YUNG HONG,10F,2,2
PEET'S COFFEE,10F,2,2
PEKING GARDEN,10F,2,2
PREVITI PIZZA,02B,2,2
SUSHI FUSSION,08A,2,2
SUSHI FUSSION,04L,2,2
SWEETS BAKERY,06F,2,2
SWEETS BAKERY,02G,2,2
TERIYAKI R US,04L,2,2
TERIYAKI R US,08A,2,2
TORNADO CREPE,10F,2,2
ANASSA TAVERNA,08A,2,2
ANASSA TAVERNA,04N,2,2
BREAD & BUTTER,04N,2,2
CARROT EXPRESS,04N,2,2
COUNTRY DONUTS,06D,2,2
DA VINCI PIZZA,10F,2,2
EL GALLO NEGRO,05F,2,2
EL GALLO NEGRO,10F,2,2
EL NUEVO PATIO,10F,2,2
EL NUEVO PATIO,10B,2,2
GOLDEN STEAMER,02G,2,2
"KFC, TACO BELL",10F,2,2
LA BELLA PIZZA,02H,2,2
MANHATTAN WEST,09C,2,2
MARISCO CENTRO,10B,2,2
MARISCO CENTRO,10F,2,2
NEW GREAT WALL,10F,2,2
PASTRAMI QUEEN,10F,2,2
PETEY'S BURGER,10F,2,2
SABOR TROPICAL,08A,2,2
SPICE SYMPHONY,02G,2,2
SUNRISE BAKERY,10F,2,2
TAQUERIA DIANA,04L,2,2
TAQUERIA DIANA,08A,2,2
THE COFFEE INN,10F,2,2
THE COFFEE INN,06E,2,2
THE MALT HOUSE,06C,2,2
TIPSY SHANGHAI,10F,2,2
BAGELS AND MORE,10F,2,2
CARVEL CINNABON,10F,2,2
CHICKEN FEASTIN,10F,2,2
DOUGH DOUGHNUTS,06D,2,2
EAST MEETS WEST,06C,2,2
EAST MEETS WEST,10F,2,2
FRESH TORTILLAS,06C,2,2
JACOB'S PICKLES,10F,2,2
JUICES FOR LIFE,10B,2,2
MAMA KITCHEN NY,10B,2,2
MARATHON COFFEE,10F,2,2
MARATHON COFFEE,06D,2,2
NEXT STOP VEGAN,10F,2,2
PIG 'N' WHISTLE,10F,2,2
RAS PLANT BASED,10G,2,2
T.G.I. FRIDAY'S,10F,2,2
THE BEER GARAGE,10F,2,2
ANGELOS PIZZERIA,02B,2,2
ANGELOS PIZZERIA,08A,2,2
BURGER & LOBSTER,08A,2,2
CAVA MEZZE GRILL,10F,2,2
D'ANGELO'S PIZZA,06D,2,2
D'ANGELO'S PIZZA,10F,2,2
ELI'S ESSENTIALS,02B,2,2
ELI'S ESSENTIALS,08A,2,2
ELI'S ESSENTIALS,04N,2,2
EMPEROR DUMPLING,02B,2,2
FOO HING KITCHEN,06C,2,2
MAMA'S EMPANADAS,10F,2,2
MAYA'S SNACK BAR,10F,2,2
MEMO SHISH KEBAB,06C,2,2
ROSE WOLF COFFEE,06D,2,2
SALTWATER COFFEE,10F,2,2
SALTWATER COFFEE,06D,2,2
SAM'S RESTAURANT,08A,2,2
SAM'S RESTAURANT,04L,2,2
SHAKESPEARE & CO,10F,2,2
SOFIA'S TAQUERIA,08A,2,2
SOFIA'S TAQUERIA,04L,2,2
TAVERNA KYCLADES,06C,2,2
THE KETTLE BLACK,08A,2,2
THE KETTLE BLACK,04N,2,2
THE KETTLE BLACK,10F,2,2
THE PIZZA PARLOR,08A,2,2
THE PIZZA PARLOR,02B,2,2
THE PIZZA PARLOR,04L,2,2
TOM'S RESTAURANT,10F,2,2
TONY'S DI NAPOLI,10F,2,2
BED-STUY FISH FRY,10F,2,2
BIG GAY ICE CREAM,10F,2,2
BLUE PARK KITCHEN,10F,2,2
BOBO'S CRAB SHACK,08A,2,2
BOBO'S CRAB SHACK,04N,2,2
BOBO'S CRAB SHACK,04L,2,2
CARIBE RESTAURANT,10F,2,2
DOORDASH KITCHENS,10F,2,2
DOUGH BY LICASTRI,02G,2,2
DOUGH BY LICASTRI,10F,2,2
DYLAN'S CANDY BAR,10F,2,2
FELIX ROASTING CO,10B,2,2
FRANGOS PERI PERI,10F,2,2
GHOROA RESTAURANT,06C,2,2
GINA LA FORNARINA,02B,2,2
GINA LA FORNARINA,10F,2,2
JIMBO'S HAMBURGER,10F,2,2
KEKI MODERN CAKES,10F,2,2
KOSHER BAGEL HOLE,10F,2,2
METROPOLITAN CLUB,04M,2,2
METROPOLITAN CLUB,08A,2,2
MORENA RESTAURANT,02B,2,2
NEW SPRING GARDEN,08A,2,2
NEW SPRING GARDEN,04L,2,2
OM WOK RESTAURANT,06A,2,2
PEKING DUCK HOUSE,02B,2,2
PHAYUL RESTAURANT,08A,2,2
STUFFED ICE CREAM,06C,2,2
STUFFED ICE CREAM,10F,2,2
THE CROOKED KNIFE,10B,2,2
THE EMPANADA SPOT,06C,2,2
THE EMPANADA SPOT,10F,2,2
UNO CHICAGO GRILL,08A,2,2
UNO CHICAGO GRILL,10B,2,2
A TASTE OF SEAFOOD,10F,2,2
AL-AQSA RESTAURANT,06A,2,2
DINOSAUR BAR-B-QUE,10F,2,2
DOS TOROS TAQUERIA,02B,2,2
DOS TOROS TAQUERIA,10B,2,2
EASTERN RESTAURANT,10B,2,2
EL POLLO INKA PERU,08A,2,2
EMMY SQUARED PIZZA,10F,2,2
GAI CHICKEN & RICE,06C,2,2
HOMETOWN BAR-B-QUE,10F,2,2
JIMBO'S HAMBURGERS,10F,2,2
MIKE'S COFFEE SHOP,02G,2,2
MIKE'S COFFEE SHOP,08A,2,2
MIKE'S COFFEE SHOP,04L,2,2
MIRADOR RESTAURANT,10F,2,2
NEW TASTE OF CHINA,09C,2,2
NEW TASTE OF CHINA,08A,2,2
NUAN XIN RICE ROLL,06D,2,2
WHITE NOISE COFFEE,08A,2,2
WOK WOK RESTAURANT,08A,2,2
WOK WOK RESTAURANT,02G,2,2
WOK WOK RESTAURANT,06C,2,2
99 CENT FRESH PIZZA,10F,2,2
DAN AND JOHNS WINGS,06D,2,2
EL GRAN COFFEE SHOP,10F,2,2
FRATELLI'S PIZZERIA,02B,2,2
FRATELLI'S PIZZERIA,10F,2,2
HUNGRY GHOST COFFEE,08A,2,2
JOE'S LOBSTER HOUSE,10F,2,2
JOE'S LOBSTER HOUSE,06D,2,2
LAS AMERICAS BAKERY,10B,2,2
MOON & FLOWER HOUSE,10F,2,2
RISPOLI PASTRY SHOP,10F,2,2
SHIRAZI KEBAB HOUSE,10F,2,2
SHIRAZI KEBAB HOUSE,02G,2,2
TROPICAL RESTAURANT,10B,2,2
TROPICAL RESTAURANT,08A,2,2
ZHONG ZHONG NOODLES,02G,2,2
BLUE CORN RESTAURANT,10F,2,2
BLUE CORN RESTAURANT,10B,2,2
CHEF LOTHIAN KITCHEN,10F,2,2
CHINAR ON THE ISLAND,04L,2,2
CHINAR ON THE ISLAND,08A,2,2
CHINAR ON THE ISLAND,10F,2,2
EL COYOTE RESTAURANT,09C,2,2
GOOD HOPE RESTAURANT,10F,2,2
LOS GIRASOLES BAKERY,10F,2,2
NEW APOLO RESTAURANT,06C,2,2
NEW YORK COMEDY CLUB,08A,2,2
NY BAKERY & DESSERTS,04A,2,2
OH K-DOG & EGG TOAST,08A,2,2
OH K-DOG & EGG TOAST,04L,2,2
PEPPA'S JERK CHICKEN,02B,2,2
RAJ'S INDIAN KITCHEN,10G,2,2
WASABI SUSHI & BENTO,10F,2,2
BLACK FOREST BROOKLYN,10F,2,2
BLUE MARBLE ICE CREAM,06C,2,2
BLUE MARBLE ICE CREAM,10F,2,2
BONJOUR CREPES & WINE,08A,2,2
BROOKLYN WAFFLE HOUSE,08A,2,2
CHINESE FRIED CHICKEN,10F,2,2
CROWN CHICKEN & PIZZA,10F,2,2
"DUNKIN',' HUDSON NEWS",08A,2,2
"DUNKIN',' HUDSON NEWS",04N,2,2
DUNKIN/BASKIN ROBBINS,10F,2,2
EVA'S x CINCO DE MAYO,10F,2,2
GRAND SICHUAN EASTERN,04M,2,2
GRAND SICHUAN EASTERN,08A,2,2
GRAND SICHUAN EASTERN,02G,2,2
HIMALAYAN CURRY HOUSE,10F,2,2
KOONG WING RESTAURANT,10F,2,2
KRAZY PIZZA AND WINGS,04A,2,2
NEW GOLDEN RESTAURANT,02G,2,2
NINTH STREET ESPRESSO,06D,2,2
QUESADILLAS DONA MATY,08A,2,2
SOPHIES CUBAN CUISINE,02G,2,2
THE HUMMUS & PITA CO.,02B,2,2
BELLEROSE FAMOUS PIZZA,10F,2,2
DUNKIN'/BASKIN ROBBINS,08A,2,2
EMPIRE SZECHUAN GARDEN,10F,2,2
KING GARDEN RESTAURANT,08A,2,2
KING GARDEN RESTAURANT,10F,2,2
LIL M BUBBLE TEA HOUSE,06D,2,2
MAMA G AFRICAN KITCHEN,08A,2,2
NEW FU SHEN RESTAURANT,06D,2,2
RIVER JAPANESE CUISINE,06D,2,2
TEXAS CHICKEN & BURGER,10F,2,2
ALAMO DRAFTHOUSE CINEMA,04N,2,2
ALAMO DRAFTHOUSE CINEMA,08A,2,2
CHARLIE'S SANDWICH SHOP,02G,2,2
CHINA GARDEN RESTAURANT,08A,2,2
CHINA GARDEN RESTAURANT,02B,2,2
CHINA GARDEN RESTAURANT,04L,2,2
Four Four South Village,10F,2,2
JIMBO'S HAMBURGER PLACE,08A,2,2
JIMBO'S HAMBURGER PLACE,04L,2,2
KANSAS CHICKEN & BURGER,08A,2,2
KANSAS CHICKEN & BURGER,02G,2,2
KANSAS CHICKEN & BURGER,06C,2,2
KANSAS CHICKEN & BURGER,10F,2,2
KONA COFFEE AND COMPANY,10F,2,2
MORTON'S THE STEAKHOUSE,08A,2,2
MORTON'S THE STEAKHOUSE,04N,2,2
NAN XIANG XIAO LONG BAO,10F,2,2
NEW THRIVING RESTAURANT,08A,2,2
PEACHWAVE FROZEN YOGURT,08A,2,2
PEACHWAVE FROZEN YOGURT,04L,2,2
PUERTO PLATA RESTAURANT,08A,2,2
ROUND PIE PIZZA COMPANY,04A,2,2
SZECHUAN MOUNTAIN HOUSE,06E,2,2
UNCLE JACK'S STEAKHOUSE,08A,2,2
UNCLE JACK'S STEAKHOUSE,10F,2,2
UNCLE JACK'S STEAKHOUSE,04L,2,2
CENTRAL CARIBBEAN BAKERY,08A,2,2
CENTRAL CARIBBEAN BAKERY,04L,2,2
EAST BUFFET & RESTAURANT,10B,2,2
EAST BUFFET & RESTAURANT,10F,2,2
FOUR & TWENTY BLACKBIRDS,08A,2,2
FUSHIMI JAPANESE CUISINE,10F,2,2
US FRIED CHICKEN & PIZZA,10F,2,2
EL NUEVO BOHIO RESTAURANT,10F,2,2
POPEYES LOUISIANA CHICKEN,10F,2,2
SABOR RESTAURANT & BAKERY,10F,2,2
STUMPTOWN COFFEE ROASTERS,06D,2,2
SUGARFISH BY SUSHI NOZAWA,06F,2,2
SWEETLEAF COFFEE ROASTERS,10F,2,2
TASTY HAND-PULLED NOODLES,10F,2,2
HAWA SMOOTHIE & BUBBLE TEA,10F,2,2
HAWA SMOOTHIE & BUBBLE TEA,06D,2,2
ARTS AND CRAFTS BEER PARLOR,10F,2,2
KABAYAN FILIPINO RESTAURANT,08A,2,2
KABAYAN FILIPINO RESTAURANT,04M,2,2
PEP BAKEHOUSE & COFFEE SHOP,10F,2,2
RICHMOND COUNTY COUNTRY CLUB,10B,2,2
GOOD TASTE CHINESE RESTAURANT,10F,2,2
EL MEXICANO RESTAURANTE & CAFE,02B,2,2
EL MEXICANO RESTAURANTE & CAFE,10F,2,2
MORGENSTERN'S FINEST ICE CREAM,10F,2,2
SPICY MOON VEGETARIAN SZECHUAN,04L,2,2
SPICY MOON VEGETARIAN SZECHUAN,08A,2,2
JERK HOUSE CARIBBEAN RESTAURANT,10B,2,2
JERK HOUSE CARIBBEAN RESTAURANT,02B,2,2
ZUCKER'S BAGELS AND SMOKED FISH,08A,2,2
KUNG FU LITTLE STEAMED BUNS RAMEN,10B,2,2
LA ABUNDANCIA RESTAURANT & BAKERY,02B,2,2
LA ABUNDANCIA RESTAURANT & BAKERY,10F,2,2
CHRIS CARIBBEAN & AMERICAN RESTAURANT,08A,2,2
CHRIS CARIBBEAN & AMERICAN RESTAURANT,04L,2,2
KELLY D JAMAICAN AND AMERICAN RESTAURANT,04L,2,2
KELLY D JAMAICAN AND AMERICAN RESTAURANT,08A,2,2
UNCLE LOUIE G'S ITALIAN ICES & ICE CREAM,08A,2,2
UNCLE LOUIE G'S ITALIAN ICES & ICE CREAM,04L,2,2
BITE,10F,2,3
BITE,09C,2,3
FUKU,10F,2,3
TAIM,02B,2,3
TAIM,10F,2,3
ARBY'S,10F,3,3
ARBY'S,06C,2,3
BANTER,10F,2,3
HARDEE,10F,3,3
MIZNON,10B,3,3
MIZNON,10F,3,3
MOKBAR,10F,2,3
TENZAN,10H,2,3
TENZAN,10F,2,3
WENDYS,10F,3,3
& PIZZA,06D,2,3
ALIDORO,06D,2,3
BARCADE,10F,2,3
BARCADE,06D,2,3
CANTEEN,10F,3,3
DENNY'S,10F,3,3
FORNINO,10F,2,3
I'MILKY,10F,3,3
MEXICUE,04N,2,3
MEXICUE,08A,2,3
MEXICUE,02G,3,3
CALEXICO,08A,3,3
99C PIZZA,10F,3,3
BAGEL PUB,10F,3,3
CAFE LUNA,10H,2,3
CAFE LUNA,10F,3,3
CHOP & GO,10F,2,3
CHUN YANG,10F,2,3
COFFEE RX,06D,3,3
COFFEE RX,10F,2,3
COMPTON'S,02B,3,3
COMPTON'S,06C,2,3
COMPTON'S,10F,2,3
FITRITION,02G,2,3
GYRO KING,04L,2,3
MELT SHOP,10F,2,3
MOMO ASHI,04A,2,3
THE LOCAL,06D,2,3
TWO BOOTS,06D,2,3
TWO HANDS,10F,2,3
WING STOP,08A,2,3
WING STOP,10F,2,3
5IVE SPICE,08A,3,3
5IVE SPICE,04N,3,3
AVOCADERIA,08A,2,3
BAGEL BOSS,10F,2,3
BAGEL BOSS,06C,2,3
CAFE METRO,10B,2,3
CAFE METRO,06D,2,3
DRAGON TEA,10F,2,3
HOMECOMING,06C,2,3
HOT BAGELS,10F,3,3
MASTER WOK,02B,2,3
MASTER WOK,02H,2,3
MASTER WOK,02G,2,3
MOA COFFEE,06D,2,3
PIZZA TOWN,10F,2,3
SUSHI SEKI,10F,2,3
SUSHI SEKI,06E,2,3
TAL BAGELS,06C,2,3
TWO WHEELS,04L,2,3
TWO WHEELS,08A,2,3
WORLD BEAN,10F,2,3
8-BIT BITES,10F,2,3
CIBO MARKET,10F,3,3
DOS CAMINOS,06D,3,3
DOS CAMINOS,04H,2,3
ESS-A-BAGEL,10F,2,3
ESS-A-BAGEL,06C,2,3
HAAGEN DAZS,04N,2,3
HAAGEN DAZS,08A,2,3
HAMPTON INN,10G,2,3
HAMPTON INN,10F,3,3
HAMPTON INN,06C,2,3
HAN DYNASTY,10F,2,3
HAN DYNASTY,04N,3,3
HAN DYNASTY,02G,2,3
HAN DYNASTY,08A,2,3
JADE GARDEN,10F,2,3
Jet's Pizza,10F,3,3
KING'S CHEF,10F,2,3
MIGHTY BOWL,10F,3,3
OMONIA CAFE,10F,3,3
PANDA HOUSE,10B,2,3
PRIMA PIZZA,10B,2,3
PROPER FOOD,10F,2,3
SOFT SWERVE,10F,3,3
SOFT SWERVE,04A,2,3
TAKUMI TACO,06D,2,3
TIM HORTONS,06E,2,3
TIM HORTONS,10F,3,3
BELLA NAPOLI,10F,3,3
CHINA GARDEN,10F,3,3
CIBO EXPRESS,10F,3,3
GOTHAM PIZZA,10F,3,3
HUDSON BAGEL,08A,2,3
JACKSON HOLE,02G,2,3
LAZY SUNDAES,10F,2,3
LAZY SUNDAES,10G,2,3
LIN'S GARDEN,06A,2,3
LIN'S GARDEN,10F,2,3
LIN'S GARDEN,02B,2,3
MADAME BONTE,10F,2,3
MALA PROJECT,09C,2,3
MALA PROJECT,10F,3,3
MAXIN BAKERY,10F,2,3
NARUTO RAMEN,10F,3,3
NARUTO RAMEN,06C,2,3
SHAKING CRAB,09B,2,3
SHAKING CRAB,02B,2,3
BEN & JERRY'S,06C,2,3
BERGEN BAGELS,06C,2,3
CHEN'S GARDEN,06C,2,3
CHINA DELIGHT,10E,2,3
CINCO DE MAYO,02G,2,3
CINCO DE MAYO,10F,2,3
DIMSUM GARDEN,08A,3,3
DOUBLE DRAGON,10F,3,3
DRAGON GARDEN,10F,3,3
DRAGON GARDEN,08A,2,3
Dunkin Donuts,06E,2,3
EMPANADA MAMA,06D,2,3
EMPANADA MAMA,10F,2,3
ESSEX SQUEEZE,10F,2,3
FROZEN D LITE,06C,2,3
FROZEN D LITE,10F,2,3
GRANO DE CAFE,10B,2,3
GRANO DE CAFE,06D,2,3
GRANO DE CAFE,02B,2,3
GRANO DE CAFE,10F,2,3
KINGS KITCHEN,02G,2,3
KINGS KITCHEN,02B,2,3
KREYOL FLAVOR,02H,2,3
KREYOL FLAVOR,10F,2,3
KREYOL FLAVOR,02B,2,3
NATURAL BLEND,04L,2,3
NATURAL BLEND,10B,2,3
NATURAL BLEND,08A,2,3
ROSA MEXICANO,04N,2,3
SAGAR CHINESE,04L,2,3
SAGAR CHINESE,08A,2,3
BILLY'S BAKERY,06D,2,3
BITES OF XI'AN,02G,2,3
BOCCA DI BACCO,06F,2,3
CASTLE CHICKEN,10F,3,3
CASTLE CHICKEN,08A,2,3
CASTLE CHICKEN,10B,2,3
DILL & PARSLEY,10G,2,3
DOUGHNUT PLANT,06A,2,3
HUMMUS KITCHEN,08A,2,3
INTOXX FITNESS,06D,2,3
KINSHIP COFFEE,06D,2,3
LE PARIS DAKAR,06D,2,3
LE PARIS DAKAR,10F,2,3
PANINO RUSTICO,10F,3,3
PEKING EXPRESS,04L,2,3
PEKING EXPRESS,08A,2,3
SAUCE PIZZERIA,02B,2,3
SUSHI ON JONES,10F,2,3
THE HALAL GUYS,10F,2,3
VESUVIO BAKERY,10F,2,3
ZHANG'S GARDEN,06C,2,3
ABITINO'S PIZZA,10F,2,3
ANGELINA BAKERY,10F,3,3
ANGELINA BAKERY,06D,2,3
DAVE & BUSTER'S,06D,2,3
DAVE & BUSTER'S,10B,2,3
ERNST AND YOUNG,10B,3,3
MADMAN ESPRESSO,10F,3,3
MADMAN ESPRESSO,06D,2,3
PANDA RESTAURANT,10F,2,3
PANDA RESTAURANT,06C,2,3
BOBBY VAN'S GRILL,08A,2,3
BOBBY VAN'S GRILL,10F,2,3
BY THE WAY BAKERY,10F,3,3
DAVIDOVICH BAKERY,06D,3,3
DAVIDOVICH BAKERY,06C,2,3
DAVIDOVICH BAKERY,04N,2,3
DAVIDOVICH BAKERY,08A,3,3
EL GALLO TAQUERIA,06D,2,3
EL GALLO TAQUERIA,10F,3,3
FUNNY FACE BAKERY,10F,2,3
HILTON GARDEN INN,06D,2,3
HILTON GARDEN INN,10B,2,3
HONG KONG KITCHEN,06C,2,3
HONG KONG KITCHEN,10F,3,3
LE PETIT PARISIEN,08A,3,3
LE PETIT PARISIEN,04L,3,3
POKE BOWL STATION,10F,3,3
TAQUERIA SANTA FE,10F,2,3
THE MEATBALL SHOP,08A,2,3
THE MEATBALL SHOP,04N,2,3
VINNIE'S PIZZERIA,10F,2,3
FLIK INTERNATIONAL,10F,2,3
HEALTHY IN DYCKMAN,10B,2,3
HEALTHY IN DYCKMAN,04L,2,3
HEALTHY IN DYCKMAN,08A,2,3
MALECON RESTAURANT,10F,2,3
MUSCLE MAKER GRILL,02B,2,3
MUSCLE MAKER GRILL,10F,2,3
MUSCLE MAKER GRILL,08A,2,3
THE CAPITAL GRILLE,02G,2,3
WIMPY'S RESTAURANT,09B,2,3
WIMPY'S RESTAURANT,10F,2,3
LA ISLA CUCHIFRITOS,06D,2,3
LA ISLA CUCHIFRITOS,02B,2,3
LA ISLA CUCHIFRITOS,10B,2,3
THE UNIVERSITY CLUB,10F,2,3
THE UNIVERSITY CLUB,10B,2,3
TULCINGO RESTAURANT,06F,2,3
TULCINGO RESTAURANT,10F,3,3
TULCINGO RESTAURANT,09C,2,3
TULCINGO RESTAURANT,02G,2,3
TULCINGO RESTAURANT,04H,2,3
ZARO'S BREAD BASKET,10F,2,3
HONG KONG RESTAURANT,10F,3,3
HONG KONG RESTAURANT,06A,2,3
PERIZIA KOSHER PIZZA,02B,2,3
SHAKE SHACK NEW YORK,10F,2,3
VANILLA GORILLA CAFE,10B,2,3
VANILLA GORILLA CAFE,10F,2,3
ZARO'S FAMILY BAKERY,09C,3,3
JOE'S STEAM RICE ROLL,10F,3,3
RIKO PERUVIAN CUISINE,04N,3,3
RIKO PERUVIAN CUISINE,04K,2,3
RIKO PERUVIAN CUISINE,04M,3,3
RIKO PERUVIAN CUISINE,08A,3,3
STARBUCKS CORPORATION,10F,3,3
"DUNKIN, BASKIN ROBBINS",10F,2,3
LEE CHINESE RESTAURANT,10F,3,3
LEE CHINESE RESTAURANT,06C,2,3
MUGHLAI INDIAN CUISINE,02G,2,3
MUGHLAI INDIAN CUISINE,10F,3,3
TOMPKINS SQUARE BAGELS,10F,2,3
CHARLEY'S PHILLY STEAKS,10F,2,3
KENNEDY CHICKEN & GRILL,08A,2,3
KENNEDY CHICKEN & PIZZA,08A,2,3
KENNEDY CHICKEN & PIZZA,04L,2,3
POLLOS A LA BRASA MARIO,10B,2,3
POLLOS A LA BRASA MARIO,10F,2,3
YIFANG TAIWAN FRUIT TEA,10F,2,3
GOLDEN DRAGON RESTAURANT,08A,2,3
AWASH ETHIOPIAN RESTAURANT,02B,2,3
EASTERN CHINESE RESTAURANT,02G,2,3
CHIPOTLE MEXICAN GRILL #3056,10F,3,3
OMAR'S MEDITERRANEAN CUISINE,10F,2,3
GREAT WALL CHINESE RESTAURANT,10F,2,3
HOOK & REEL CAJUN SEAFOOD & BAR,08A,2,3
THE FAMOUS JIMBO'S HAMBURGER PALACE,10F,2,3
DIG,02G,3,4
DIG,10F,3,4
CAPY,10F,2,4
TBAAR,10F,2,4
TBAAR,06D,3,4
BUTLER,10F,2,4
BUTLER,06D,2,4
Dunkin,06C,2,4
Dunkin,10F,3,4
IPIZZA,10F,3,4
SBARRO,08A,2,4
3 TIMES,10F,3,4
3 TIMES,04L,2,4
3 TIMES,08A,2,4
JUPIOCA,06D,2,4
JUPIOCA,10F,2,4
NAMASTE,08A,3,4
NAMASTE,10B,2,4
NAMASTE,04N,2,4
NAMASTE,04L,2,4
PIO PIO,10F,3,4
BOQUERIA,04L,2,4
BOQUERIA,08A,2,4
BOQUERIA,06C,2,4
CINNABON,04N,2,4
CINNABON,06A,2,4
CINNABON,08A,3,4
JOLLIBEE,10F,3,4
JOLLIBEE,02G,2,4
TABLE 87,10F,3,4
TABLE 87,08A,2,4
BANHMIGOS,02G,2,4
BANHMIGOS,02B,3,4
LOCO COCO,10F,2,4
NEW CHINA,10F,2,4
NEW CHINA,02B,2,4
SEAMORE'S,04L,3,4
SEAMORE'S,08A,3,4
SEAMORE'S,10F,2,4
TARTINERY,08A,4,4
TARTINERY,10F,4,4
TARTINERY,04L,3,4
THE SMITH,10F,3,4
ZAAB ZAAB,06C,2,4
ZAAB ZAAB,10F,2,4
CHINA STAR,02B,2,4
GOOD TASTE,10B,2,4
GOOD TASTE,28-06,2,4
GOOD TASTE,08A,2,4
GOOD TASTE,10F,4,4
GREAT WALL,10F,2,4
LUCKY STAR,08A,2,4
LUCKY STAR,10F,2,4
ROMA PIZZA,10F,4,4
SARABETH'S,10F,2,4
AMY'S BREAD,06D,2,4
AMY'S BREAD,10F,2,4
BONDI SUSHI,10G,2,4
GO GO CURRY,08A,2,4
GO GO CURRY,10F,2,4
HONEYBRAINS,04N,2,4
HONEYBRAINS,08A,2,4
JAMBA JUICE,10F,3,4
JOHN'S DELI,10F,2,4
MANGO MANGO,06C,3,4
MANGO MANGO,10F,2,4
OLE & STEEN,06C,2,4
OLE & STEEN,08A,3,4
OLE & STEEN,10F,2,4
OLE & STEEN,04N,2,4
YUMMY YUMMY,02G,3,4
YUMMY YUMMY,06C,2,4
YUMMY YUMMY,10B,2,4
YUMMY YUMMY,10F,2,4
2 BROS PIZZA,10A,2,4
2 BROS PIZZA,08A,2,4
2 BROS PIZZA,10D,2,4
2 BROS PIZZA,10F,4,4
2 BROS PIZZA,06C,2,4
CHINA DRAGON,10F,2,4
CLINTON HALL,04L,2,4
CLINTON HALL,10G,2,4
CLINTON HALL,08A,2,4
DOUGHNUTTERY,10F,2,4
EMMY SQUARED,10F,2,4
EMMY SQUARED,04L,2,4
EMMY SQUARED,08A,2,4
EMMY SQUARED,06C,2,4
EMMY SQUARED,02G,2,4
HUNGRY GHOST,06D,2,4
HUNGRY GHOST,10F,2,4
LE BOTANISTE,10F,2,4
LE BOTANISTE,02B,3,4
LITTLE BIGGS,10F,2,4
OLIVE GARDEN,08A,3,4
OLIVE GARDEN,04N,2,4
OLIVE GARDEN,04L,2,4
OLIVE GARDEN,10F,2,4
PANDA GARDEN,10F,3,4
TERIYAKI ONE,06D,2,4
TERIYAKI ONE,10F,3,4
BREADS BAKERY,10F,2,4
BREADS BAKERY,02G,2,4
MARIO'S PIZZA,10F,2,4
MARIO'S PIZZA,04L,3,4
MARIO'S PIZZA,02B,2,4
MARIO'S PIZZA,08A,2,4
RETRO FITNESS,06D,2,4
SANT AMBROEUS,09C,2,4
SANT AMBROEUS,10B,2,4
SANT AMBROEUS,10F,2,4
ANGELO'S PIZZA,06C,2,4
CAFE D'AVIGNON,10G,2,4
CAFE D'AVIGNON,10F,2,4
COFFEE MONSTER,10B,2,4
COFFEE MONSTER,06D,3,4
COFFEE MONSTER,10F,3,4
FIVE IRON GOLF,10B,2,4
FIVE IRON GOLF,06D,2,4
FIVE IRON GOLF,09C,2,4
FIVE IRON GOLF,10F,3,4
HARBOR FITNESS,04N,2,4
HARBOR FITNESS,06C,2,4
HARBOR FITNESS,08A,2,4
HOLY SCHNITZEL,02G,2,4
HOLY SCHNITZEL,10F,3,4
MARINARA PIZZA,04N,2,4
RAINBOW BAKERY,02B,3,4
RAINBOW BAKERY,10B,3,4
SAL'S PIZZERIA,10F,3,4
SAL'S PIZZERIA,08A,2,4
SAL'S PIZZERIA,04L,2,4
GINO'S PIZZERIA,08A,2,4
GINO'S PIZZERIA,10B,2,4
JOOY TEA SHOPPE,02G,2,4
JOOY TEA SHOPPE,06C,2,4
PARTNERS COFFEE,06D,2,4
PARTNERS COFFEE,06C,2,4
HOLE IN THE WALL,08A,2,4
HOLE IN THE WALL,10F,2,4
HOLE IN THE WALL,04N,2,4
PAPA JOHNS PIZZA,10F,4,4
PRINCE TEA HOUSE,10F,3,4
PRINCE TEA HOUSE,06D,2,4
TARALLUCCI E VINO,02G,2,4
CARIDAD RESTAURANT,08A,2,4
CARIDAD RESTAURANT,02B,3,4
CARIDAD RESTAURANT,04M,2,4
CONNECTICUT MUFFIN,10F,3,4
LA ISLA RESTAURANT,06D,3,4
LA ISLA RESTAURANT,10H,2,4
LA ISLA RESTAURANT,09C,2,4
LADY M CONFECTIONS,10F,2,4
MIGHTY QUINN'S BBQ,06C,2,4
MIGHTY QUINN'S BBQ,10B,2,4
MIGHTY QUINN'S BBQ,10F,2,4
MIGHTY QUINN'S BBQ,06A,2,4
SPRINGBONE KITCHEN,10F,3,4
SPRINGBONE KITCHEN,06C,2,4
TIKKA INDIAN GRILL,10F,3,4
TIKKA INDIAN GRILL,08A,2,4
TIKKA INDIAN GRILL,02G,2,4
WILLIAMSBURG PIZZA,02G,2,4
WILLIAMSBURG PIZZA,10B,2,4
SUGAR HILL CREAMERY,10F,3,4
SUGAR HILL CREAMERY,06C,2,4
BOURKE STREET BAKERY,10B,2,4
BOURKE STREET BAKERY,08A,3,4
BOURKE STREET BAKERY,04L,2,4
BOURKE STREET BAKERY,04N,3,4
GREAT WALL RESTAURANT,02G,2,4
GREAT WALL RESTAURANT,06D,2,4
GREAT WALL RESTAURANT,06C,2,4
GREAT WALL RESTAURANT,10F,2,4
Kennedy Fried Chicken,10B,2,4
Kennedy Fried Chicken,04A,3,4
THE KATI ROLL COMPANY,10F,3,4
THE KATI ROLL COMPANY,02G,3,4
THE KATI ROLL COMPANY,08A,2,4
THE KATI ROLL COMPANY,04L,2,4
THE KATI ROLL COMPANY,10B,2,4
WOLFGANG'S STEAKHOUSE,02B,2,4
DRAGON KING RESTAURANT,04A,2,4
MADE IN NEW YORK PIZZA,08A,2,4
MADE IN NEW YORK PIZZA,04L,2,4
DIG INN SEASONAL MARKET,02B,3,4
DIG INN SEASONAL MARKET,10F,3,4
VARIETY COFFEE ROASTERS,10F,3,4
VARIETY COFFEE ROASTERS,08A,2,4
BLACK STAR BAKERY & CAFE,10F,2,4
PEKING CHINESE RESTAURANT,06C,2,4
PEKING CHINESE RESTAURANT,10F,2,4
CROWN FRIED CHICKEN & PIZZA,04N,2,4
CROWN FRIED CHICKEN & PIZZA,04A,2,4
CROWN FRIED CHICKEN & PIZZA,10F,2,4
CROWN FRIED CHICKEN & PIZZA,08A,2,4
CROWN FRIED CHICKEN & PIZZA,02G,3,4
DUNKIN DONUTS BASKIN ROBBINS,10F,2,4
DUNKIN DONUTS BASKIN ROBBINS,04N,2,4
DUNKIN DONUTS BASKIN ROBBINS,08A,2,4
BETTER GOURMET HEALTH KITCHEN,06D,3,4
BETTER GOURMET HEALTH KITCHEN,02B,2,4
BETTER GOURMET HEALTH KITCHEN,02G,2,4
BETTER GOURMET HEALTH KITCHEN,10F,2,4
SHERATON NEW YORK HOTEL & TOWERS,10B,2,4
MANGIA,02B,2,5
MANGIA,10F,2,5
VENCHI,10F,4,5
BONCHON,10F,4,5
BONCHON,04L,2,5
BONCHON,08A,2,5
BONCHON,02G,2,5
DEVOCION,10F,3,5
MILK BAR,10F,4,5
MILK BAR,06D,3,5
AFTERNOON,10F,2,5
CHINA WOK,10F,3,5
DON POLLO,04L,2,5
DON POLLO,08A,2,5
FIVE GUYS,10F,2,5
FIVE GUYS,02B,3,5
MATCHAFUL,10F,2,5
MATCHAFUL,06C,4,5
POKE BOWL,02B,2,5
POKE BOWL,10F,2,5
POKEWORKS,06E,2,5
POKEWORKS,02G,2,5
POKEWORKS,10F,4,5
RED MANGO,04L,2,5
RED MANGO,06D,4,5
RED MANGO,08A,2,5
BAR VELOCE,06C,2,5
BAR VELOCE,10F,2,5
WOLFNIGHTS,04A,2,5
WOLFNIGHTS,06A,3,5
WOLFNIGHTS,08A,2,5
WOLFNIGHTS,10F,4,5
BAO BY KAYA,02G,2,5
BAO BY KAYA,10H,2,5
ENERGY FUEL,10F,3,5
SARKU JAPAN,10F,5,5
SARKU JAPAN,04H,2,5
SARKU JAPAN,02B,3,5
SWEET CHICK,06D,3,5
SWEET CHICK,04N,2,5
SWEET CHICK,10F,2,5
SWEET CHICK,08A,2,5
TIGER SUGAR,10F,5,5
TIGER SUGAR,06D,2,5
ATOMIC WINGS,10F,2,5
ATOMIC WINGS,10B,3,5
GINO'S PIZZA,10F,3,5
GINO'S PIZZA,06C,3,5
NAPOLI PIZZA,04L,2,5
NAPOLI PIZZA,10F,3,5
NAPOLI PIZZA,08A,2,5
ROSA'S PIZZA,04L,2,5
ROSA'S PIZZA,04N,2,5
ROSA'S PIZZA,10F,4,5
ROSA'S PIZZA,06D,2,5
ROSA'S PIZZA,08A,2,5
ROSA'S PIZZA,02B,4,5
VANILLA CAFE,06C,2,5
VANILLA CAFE,06D,2,5
VANILLA CAFE,10F,5,5
HAWA SMOOTHIE,06D,2,5
HAWA SMOOTHIE,02B,2,5
PASTELES CAPY,06C,2,5
PASTELES CAPY,10F,3,5
POLLO CAMPERO,10F,4,5
POLLO CAMPERO,04L,2,5
POLLO CAMPERO,08A,2,5
REGAL CINEMAS,10F,3,5
CHAMPION PIZZA,10F,3,5
DIM SUM PALACE,02B,3,5
DIM SUM PALACE,10F,2,5
DIM SUM PALACE,06D,2,5
DUNKIN' DONUTS,10F,3,5
DUNKIN' DONUTS,06D,2,5
HALAL MUNCHIES,06F,2,5
HALAL MUNCHIES,10F,4,5
HALAL MUNCHIES,04A,2,5
HALAL MUNCHIES,02G,2,5
HALAL MUNCHIES,10B,2,5
EMACK & BOLIO'S,06C,2,5
EMACK & BOLIO'S,10F,3,5
NATIONAL BAKERY,04L,2,5
NATIONAL BAKERY,10F,3,5
NATIONAL BAKERY,08A,2,5
NATIONAL BAKERY,06C,2,5
PRESSED JUICERY,10F,2,5
PRESSED JUICERY,10B,2,5
THE LITTLE BEET,10B,2,5
THE LITTLE BEET,10F,3,5
THE LITTLE BEET,02B,3,5
WAFELS & DINGES,10F,2,5
CHIRPING CHICKEN,10F,2,5
CHIRPING CHICKEN,06D,2,5
LA BAGEL DELIGHT,10F,4,5
LA BAGEL DELIGHT,08A,2,5
LA BAGUETTE SHOP,08A,2,5
LA BAGUETTE SHOP,04L,2,5
JACK'S WIFE FREDA,08A,2,5
JACK'S WIFE FREDA,04N,2,5
JACK'S WIFE FREDA,10F,2,5
BARNES & NOBLE CAFE,10B,2,5
BARNES & NOBLE CAFE,06D,2,5
BARNES & NOBLE CAFE,02G,2,5
BARNES & NOBLE CAFE,10F,3,5
FIELDS GOOD CHICKEN,08A,2,5
FIELDS GOOD CHICKEN,10F,4,5
SHANGHAI YOU GARDEN,10F,2,5
SHANGHAI YOU GARDEN,02B,2,5
SHANGHAI YOU GARDEN,10B,3,5
SHANGHAI YOU GARDEN,04M,2,5
SHANGHAI YOU GARDEN,08A,2,5
"BURGER KING, POPEYES",10F,3,5
OSLO COFFEE ROASTERS,08A,2,5
OSLO COFFEE ROASTERS,06D,2,5
OSLO COFFEE ROASTERS,10F,3,5
KRISPY KREME DOUGHNUT,10F,2,5
KRISPY KREME DOUGHNUT,04A,2,5
SOPHIE'S CUBAN CUISINE,06C,2,5
SOPHIE'S CUBAN CUISINE,10F,3,5
SOPHIE'S CUBAN CUISINE,04L,2,5
SOPHIE'S CUBAN CUISINE,08A,3,5
TROPICAL SMOOTHIE CAFE,10F,2,5
MARTHA'S COUNTRY BAKERY,06C,2,5
MARTHA'S COUNTRY BAKERY,10F,4,5
FAMOUS FAMIGLIA PIZZERIA,10F,2,5
FAMOUS FAMIGLIA PIZZERIA,02B,3,5
FAMOUS FAMIGLIA PIZZERIA,06C,2,5
ARTICHOKE BASILLE'S PIZZA,10F,3,5
ARTICHOKE BASILLE'S PIZZA,08A,3,5
ARTICHOKE BASILLE'S PIZZA,06C,2,5
TEXAS CHICKEN AND BURGERS,10F,4,5
TEXAS CHICKEN AND BURGERS,06D,2,5
KOTTI BERLINER DONER KEBAB,10F,2,5
KOTTI BERLINER DONER KEBAB,06C,2,5
KOTTI BERLINER DONER KEBAB,10H,2,5
KOTTI BERLINER DONER KEBAB,04A,2,5
RALPH'S FAMOUS ITALIAN ICES,10F,4,5
GROUND CENTRAL COFFEE COMPANY,06C,2,5
GROUND CENTRAL COFFEE COMPANY,06A,2,5
BROOKLYN BAGEL & COFFEE COMPANY,10F,4,5
BROOKLYN BAGEL & COFFEE COMPANY,09C,2,5
BROOKLYN BAGEL & COFFEE COMPANY,06D,2,5
CAVA,02B,3,6
CAVA,06D,3,6
CAVA,10E,2,6
CAVA,10B,2,6
CAVA,04N,3,6
CAVA,08A,3,6
CAVA,10F,6,6
CAVA,06C,2,6
SOBOL,06D,2,6
SOBOL,10B,2,6
SOBOL,06E,2,6
FELICE,10F,3,6
FELICE,04C,2,6
BEATNIC,10F,2,6
BEATNIC,06D,2,6
BEATNIC,02B,3,6
OAKBERRY,06D,2,6
OAKBERRY,10F,4,6
OAKBERRY,04A,3,6
16 HANDLES,04N,2,6
16 HANDLES,06C,4,6
16 HANDLES,10F,4,6
BRAVO PIZZA,10F,3,6
BRAVO PIZZA,10B,2,6
BRAVO PIZZA,06D,2,6
TONY'S PIZZA,06C,2,6
TONY'S PIZZA,02B,2,6
TONY'S PIZZA,10F,3,6
LEVAIN BAKERY,06D,2,6
LEVAIN BAKERY,02G,2,6
LEVAIN BAKERY,10F,4,6
KENNEDY CHICKEN,04A,2,6
KENNEDY CHICKEN,08A,2,6
KENNEDY CHICKEN,02G,2,6
KENNEDY CHICKEN,10F,3,6
KENNEDY CHICKEN,06C,2,6
KENNEDY CHICKEN,02B,2,6
KENNEDY CHICKEN,08C,2,6
NATHAN'S FAMOUS,06D,3,6
NATHAN'S FAMOUS,10F,2,6
FISHERMAN'S COVE,09C,2,6
FISHERMAN'S COVE,10F,3,6
FISHERMAN'S COVE,02B,3,6
LA PECORA BIANCA,10B,2,6
LA PECORA BIANCA,10F,4,6
LA PECORA BIANCA,02G,2,6
PATSY'S PIZZERIA,10F,2,6
PATSY'S PIZZERIA,02G,2,6
PATSY'S PIZZERIA,10B,2,6
CHUCK E. CHEESE'S,10B,2,6
CHUCK E. CHEESE'S,06D,2,6
CHUCK E. CHEESE'S,08A,2,6
CHUCK E. CHEESE'S,04N,2,6
CHUCK E. CHEESE'S,10F,2,6
BUFFALO WILD WINGS,04N,2,6
BUFFALO WILD WINGS,10F,2,6
BUFFALO WILD WINGS,08A,2,6
BUFFALO WILD WINGS,10B,2,6
OUTBACK STEAKHOUSE,08A,2,6
OUTBACK STEAKHOUSE,10F,2,6
OUTBACK STEAKHOUSE,10B,2,6
OUTBACK STEAKHOUSE,04N,2,6
SINGAS FAMOUS PIZZA,02G,2,6
SINGAS FAMOUS PIZZA,06C,2,6
SINGAS FAMOUS PIZZA,10F,3,6
SPICE,06D,2,7
SPICE,02G,4,7
SPICE,10F,2,7
SPICE,10B,2,7
CONVENE,08A,2,7
CONVENE,10B,3,7
CONVENE,06D,2,7
CONVENE,10F,5,7
MCDONALDS,10F,5,7
MCDONALDS,08A,2,7
PINKBERRY,04A,2,7
PINKBERRY,10F,3,7
PINKBERRY,10B,3,7
CHINA KING,10F,2,7
CHINA KING,02B,3,7
CHINA KING,08A,2,7
CHINA KING,04L,2,7
CHINA KING,06C,2,7
CHINA KING,02G,2,7
EVERYTABLE,10B,2,7
EVERYTABLE,10F,4,7
LA COLOMBE,08A,2,7
LA COLOMBE,10F,3,7
LA COLOMBE,06D,3,7
LA COLOMBE,04L,2,7
LA COLOMBE,10B,2,7
AU BON PAIN,08A,4,7
AU BON PAIN,02G,3,7
AU BON PAIN,02B,2,7
AU BON PAIN,04N,2,7
AU BON PAIN,10F,3,7
AU BON PAIN,04L,2,7
PRONTO PIZZA,10F,5,7
PRONTO PIZZA,02B,2,7
PRONTO PIZZA,02G,2,7
PRONTO PIZZA,06D,2,7
CHA CHA MATCHA,10B,4,7
CHA CHA MATCHA,06D,2,7
CHA CHA MATCHA,04A,2,7
CHA CHA MATCHA,10F,4,7
LUKE'S LOBSTER,04N,2,7
LUKE'S LOBSTER,04L,2,7
LUKE'S LOBSTER,08A,3,7
LUKE'S LOBSTER,08C,2,7
MATTO ESPRESSO,06D,3,7
MATTO ESPRESSO,06E,2,7
MATTO ESPRESSO,10F,4,7
POETICA COFFEE,06D,2,7
POETICA COFFEE,10B,2,7
POETICA COFFEE,02B,3,7
POETICA COFFEE,10F,5,7
TASTE OF CHINA,04L,2,7
TASTE OF CHINA,08A,2,7
TASTE OF CHINA,10F,3,7
TASTE OF CHINA,06C,2,7
TOUS LES JOURS,10F,5,7
TOUS LES JOURS,02B,2,7
MAD FOR CHICKEN,09C,2,7
MAD FOR CHICKEN,10B,3,7
MAD FOR CHICKEN,04L,2,7
MAD FOR CHICKEN,02G,2,7
MAD FOR CHICKEN,10F,4,7
MAD FOR CHICKEN,06D,3,7
MAGNOLIA BAKERY,10F,2,7
MAGNOLIA BAKERY,04N,2,7
MAGNOLIA BAKERY,04L,3,7
MAGNOLIA BAKERY,06C,2,7
MAGNOLIA BAKERY,08A,4,7
JAMAICAN FLAVORS,02G,2,7
JAMAICAN FLAVORS,10F,4,7
JAMAICAN FLAVORS,10B,2,7
PELICANA CHICKEN,02G,2,7
PELICANA CHICKEN,04A,2,7
PELICANA CHICKEN,04N,2,7
PELICANA CHICKEN,10F,2,7
7TH STREET BURGER,10F,2,7
7TH STREET BURGER,04N,2,7
7TH STREET BURGER,10B,2,7
7TH STREET BURGER,08A,3,7
BLACK SEED BAGELS,10B,2,7
BLACK SEED BAGELS,10F,4,7
BLACK SEED BAGELS,08A,2,7
BLACK SEED BAGELS,06A,2,7
BLACK SEED BAGELS,09C,3,7
TACO BELL CANTINA,02B,2,7
TACO BELL CANTINA,10F,5,7
EMPANADAS MONUMENTAL,06D,2,7
EMPANADAS MONUMENTAL,10F,3,7
EMPANADAS MONUMENTAL,08A,2,7
EMPANADAS MONUMENTAL,10B,3,7
EMPANADAS MONUMENTAL,06A,2,7
EMPANADAS MONUMENTAL,02B,3,7
DUNKIN BASKIN ROBBINS,08A,3,7
DUNKIN BASKIN ROBBINS,10F,6,7
RADIO CITY MUSIC HALL,10F,5,7
JIMBO'S HAMBURGER PALACE,10F,5,7
JIMBO'S HAMBURGER PALACE,06C,2,7
JIMBO'S HAMBURGER PALACE,06D,2,7
CIBO EXPRESS GOURMET MARKET,10F,4,7
KENNEDY FRIED CHICKEN & PIZZA,04L,2,7
KENNEDY FRIED CHICKEN & PIZZA,08A,4,7
KENNEDY FRIED CHICKEN & PIZZA,10F,2,7
KENNEDY FRIED CHICKEN & PIZZA,04N,3,7
KENNEDY FRIED CHICKEN & PIZZA,09C,2,7
NAYA,10B,2,8
NAYA,09C,2,8
NAYA,10F,5,8
NAYA,02G,2,8
TACOMBI,04N,3,8
TACOMBI,06D,2,8
TACOMBI,08A,2,8
TACOMBI,06C,2,8
TACOMBI,10F,2,8
KING WOK,09C,2,8
KING WOK,06C,3,8
KING WOK,06D,2,8
KING WOK,09A,2,8
KING WOK,02B,3,8
KING WOK,10B,2,8
KING WOK,08A,3,8
KING WOK,06A,2,8
KING WOK,06F,2,8
KING WOK,10F,2,8
KING WOK,02G,2,8
KING WOK,08C,2,8
MOGE TEE,06D,5,8
MOGE TEE,04A,2,8
MOGE TEE,04N,2,8
MOGE TEE,08A,2,8
MOGE TEE,06C,2,8
MOGE TEE,04H,2,8
MOGE TEE,10F,6,8
POTBELLY,09C,2,8
POTBELLY,06D,2,8
POTBELLY,08A,2,8
POTBELLY,10F,6,8
POTBELLY,04N,2,8
FRESH & CO,04N,2,8
FRESH & CO,08A,2,8
FRESH & CO,10H,3,8
FRESH & CO,10F,4,8
FRESH & CO,06C,2,8
FRESH & CO,02G,2,8
YUMMY TACO,10F,6,8
YUMMY TACO,10D,2,8
YUMMY TACO,02G,4,8
SMASHBURGER,10F,5,8
SMASHBURGER,06A,2,8
SMASHBURGER,06D,4,8
SMASHBURGER,04N,2,8
SMASHBURGER,10G,2,8
KRISPY KREME,06D,2,8
KRISPY KREME,10B,3,8
KRISPY KREME,08A,2,8
KRISPY KREME,02G,2,8
KRISPY KREME,10F,4,8
T-SWIRL CREPE,08A,2,8
T-SWIRL CREPE,10F,5,8
T-SWIRL CREPE,04H,2,8
T-SWIRL CREPE,06D,3,8
T-SWIRL CREPE,06C,2,8
MCDONALD'S RESTAURANT,04N,2,8
MCDONALD'S RESTAURANT,06D,2,8
MCDONALD'S RESTAURANT,10F,5,8
MCDONALD'S RESTAURANT,10B,3,8
MCDONALD'S RESTAURANT,06C,2,8
STICKY'S FINGER JOINT,08C,2,8
STICKY'S FINGER JOINT,06C,2,8
STICKY'S FINGER JOINT,10F,4,8
STICKY'S FINGER JOINT,08A,2,8
NO. 1 CHINESE RESTAURANT,06D,2,8
NO. 1 CHINESE RESTAURANT,06E,2,8
NO. 1 CHINESE RESTAURANT,10F,3,8
NO. 1 CHINESE RESTAURANT,08A,2,8
NO. 1 CHINESE RESTAURANT,02B,2,8
CAFE GRUMPY,10B,3,9
CAFE GRUMPY,10F,6,9
PANDA EXPRESS,10F,6,9
PANDA EXPRESS,08A,2,9
PANDA EXPRESS,02G,3,9
HOT DOG CONCESSION,,9,9
COCO FRESH TEA & JUICE,08A,2,9
COCO FRESH TEA & JUICE,06D,2,9
COCO FRESH TEA & JUICE,06C,3,9
COCO FRESH TEA & JUICE,04L,2,9
CHIP CITY,06D,4,10
CHIP CITY,10F,6,10
DALLAS BBQ,02G,3,10
DALLAS BBQ,10F,3,10
DALLAS BBQ,04N,2,10
DALLAS BBQ,10B,5,10
DALLAS BBQ,08A,2,10
JOE'S PIZZA,02B,4,10
JOE'S PIZZA,10F,4,10
JOE'S PIZZA,02G,2,10
JUICE PRESS,10G,3,10
JUICE PRESS,10F,2,10
JUICE PRESS,04A,5,10
BIRCH COFFEE,10B,4,10
BIRCH COFFEE,10F,6,10
BIRCH COFFEE,06D,5,10
HAPPY GARDEN,10F,7,10
HAPPY GARDEN,04H,2,10
THINK COFFEE,06D,5,10
THINK COFFEE,10F,7,10
THINK COFFEE,10G,2,10
LE CAFE COFFEE,10B,2,10
LE CAFE COFFEE,10F,4,10
LE CAFE COFFEE,10A,2,10
LE CAFE COFFEE,02G,2,10
LE CAFE COFFEE,04A,2,10
GREGORY'S COFFEE,06D,4,10
GREGORY'S COFFEE,08A,2,10
GREGORY'S COFFEE,10F,7,10
GREGORY'S COFFEE,04L,2,10
JOE COFFEE COMPANY,10F,5,10
JOE COFFEE COMPANY,04L,2,10
JOE COFFEE COMPANY,08A,2,10
XI'AN FAMOUS FOODS,10F,5,10
XI'AN FAMOUS FOODS,08A,4,10
XI'AN FAMOUS FOODS,04L,3,10
COLD STONE CREAMERY,10B,2,10
COLD STONE CREAMERY,08A,2,10
COLD STONE CREAMERY,06D,2,10
COLD STONE CREAMERY,10F,8,10
COLD STONE CREAMERY,06A,2,10
COLD STONE CREAMERY,06C,2,10
JUICY KING CRAB EXPRESS,10F,6,10
JUICY KING CRAB EXPRESS,08C,2,10
JUICY KING CRAB EXPRESS,08A,2,10
JUICY KING CRAB EXPRESS,04A,2,10
FAY DA BAKERY,10E,2,11
FAY DA BAKERY,06B,3,11
FAY DA BAKERY,04N,2,11
FAY DA BAKERY,08A,3,11
FAY DA BAKERY,10F,5,11
FAY DA BAKERY,02B,3,11
AUNTIE ANNE'S PRETZELS,10F,4,11
AUNTIE ANNE'S PRETZELS,04N,3,11
AUNTIE ANNE'S PRETZELS,06D,2,11
AUNTIE ANNE'S PRETZELS,08A,3,11
AUNTIE ANNE'S PRETZELS,10B,2,11
AUNTIE ANNE'S PRETZELS,06A,2,11
AUNTIE ANNE'S PRETZELS,04A,3,11
DIG INN,10F,7,12
DIG INN,02B,5,12
JOE COFFEE,06D,2,12
JOE COFFEE,10H,2,12
JOE COFFEE,06F,2,12
JOE COFFEE,10B,2,12
JOE COFFEE,04A,2,12
JOE COFFEE,09E,2,12
JOE COFFEE,10F,7,12
AMC THEATRES,10F,8,12
AMC THEATRES,04N,3,12
AMC THEATRES,04L,5,12
AMC THEATRES,10B,2,12
AMC THEATRES,08A,6,12
BLANK STREET,06D,4,12
BLANK STREET,08A,2,12
BLANK STREET,10B,2,12
BLANK STREET,10F,5,12
BLANK STREET,06C,2,12
BLANK STREET,02G,2,12
GREGORYS COFFEE,06C,4,12
GREGORYS COFFEE,06A,2,12
GREGORYS COFFEE,04L,2,12
GREGORYS COFFEE,06D,3,12
GREGORYS COFFEE,10F,7,12
GREGORYS COFFEE,08A,3,12
LITTLE ITALY PIZZA,10H,2,12
LITTLE ITALY PIZZA,10F,5,12
LITTLE ITALY PIZZA,10B,2,12
LITTLE ITALY PIZZA,02B,6,12
LITTLE ITALY PIZZA,06D,3,12
LENWICH,10F,8,13
LENWICH,02G,3,13
LENWICH,04L,2,13
LENWICH,06D,3,13
LENWICH,10B,5,13
LENWICH,06F,3,13
LENWICH,08A,2,13
BOSTON MARKET,10B,2,13
BOSTON MARKET,06D,3,13
BOSTON MARKET,10F,9,13
BOSTON MARKET,04L,2,13
BOSTON MARKET,06C,3,13
BOSTON MARKET,08A,4,13
BOSTON MARKET,02B,2,13
BOSTON MARKET,04N,3,13
HOMEMADE TAQUERIA,02G,3,13
HOMEMADE TAQUERIA,10F,3,13
HOMEMADE TAQUERIA,09C,4,13
HOMEMADE TAQUERIA,04L,4,13
HOMEMADE TAQUERIA,06D,2,13
HOMEMADE TAQUERIA,08A,3,13
HOMEMADE TAQUERIA,04A,4,13
HOMEMADE TAQUERIA,10B,2,13
STARBUCKS COFFEE COMPANY,10F,8,13
STARBUCKS COFFEE COMPANY,02G,2,13
STARBUCKS COFFEE COMPANY,06D,2,13
STARBUCKS COFFEE COMPANY,06C,2,13
POPEYES LOUISIANA KITCHEN,10F,6,13
POPEYES LOUISIANA KITCHEN,06F,3,13
POPEYES LOUISIANA KITCHEN,10B,3,13
POPEYES LOUISIANA KITCHEN,08A,2,13
POPEYES LOUISIANA KITCHEN,02B,2,13
POPEYES LOUISIANA KITCHEN,06D,2,13
POPEYES LOUISIANA KITCHEN,06C,3,13
POPEYES LOUISIANA KITCHEN,10D,2,13
PIZZA HUT,10E,2,14
PIZZA HUT,10F,14,14
PIZZA HUT,04A,3,14
787 COFFEE,06C,2,14
787 COFFEE,28-05,2,14
787 COFFEE,10D,2,14
787 COFFEE,06D,4,14
787 COFFEE,10B,2,14
787 COFFEE,08A,4,14
787 COFFEE,05D,2,14
787 COFFEE,04N,3,14
787 COFFEE,10F,4,14
BAREBURGER,10B,3,14
BAREBURGER,10F,8,14
BAREBURGER,08A,3,14
BAREBURGER,06E,2,14
BAREBURGER,04L,3,14
BAREBURGER,06C,2,14
BAREBURGER,06D,2,14
PANERA BREAD,08A,2,14
PANERA BREAD,06D,2,14
PANERA BREAD,04N,2,14
PANERA BREAD,10F,12,14
PANERA BREAD,06E,2,14
CHICK-FIL-A,10B,2,15
CHICK-FIL-A,06D,2,15
CHICK-FIL-A,10F,10,15
CHICK-FIL-A,04N,2,15
CHICK-FIL-A,08A,2,15
INSOMNIA COOKIES,08A,3,15
INSOMNIA COOKIES,06C,2,15
INSOMNIA COOKIES,06F,2,15
INSOMNIA COOKIES,04A,3,15
INSOMNIA COOKIES,04L,2,15
INSOMNIA COOKIES,10F,9,15
INSOMNIA COOKIES,10B,2,15
INSOMNIA COOKIES,04N,2,15
INSOMNIA COOKIES,06A,2,15
MAMAN,06D,4,16
MAMAN,04L,2,16
MAMAN,02B,2,16
MAMAN,06C,4,16
MAMAN,10F,8,16
MAMAN,10B,3,16
MAMAN,04N,5,16
MAMAN,08A,5,16
CHOP'T,02G,7,16
CHOP'T,10F,11,16
CHOP'T,10B,4,16
CHOP'T,06E,2,16
DOS TOROS,10E,2,16
DOS TOROS,02G,3,16
DOS TOROS,10G,2,16
DOS TOROS,02B,3,16
DOS TOROS,10F,11,16
DOS TOROS,10B,4,16
PLAYA BOWLS,06C,6,16
PLAYA BOWLS,08A,2,16
PLAYA BOWLS,06D,2,16
PLAYA BOWLS,10F,11,16
PLAYA BOWLS,10H,2,16
PLAYA BOWLS,06A,2,16
PLAYA BOWLS,04N,2,16
PLAYA BOWLS,10B,4,16
PLAYA BOWLS,06E,2,16
JUICE GENERATION,10F,6,16
JUICE GENERATION,02G,3,16
JUICE GENERATION,06D,2,16
JUICE GENERATION,,2,16
BLANK STREET COFFEE,10H,2,16
BLANK STREET COFFEE,02G,3,16
BLANK STREET COFFEE,08C,2,16
BLANK STREET COFFEE,06D,3,16
BLANK STREET COFFEE,04O,2,16
BLANK STREET COFFEE,10B,4,16
BLANK STREET COFFEE,10E,2,16
BLANK STREET COFFEE,10F,9,16
BLANK STREET COFFEE,04A,2,16
BAYA BAR,10H,2,17
BAYA BAR,10A,2,17
BAYA BAR,04A,4,17
BAYA BAR,06F,2,17
BAYA BAR,04J,4,17
BAYA BAR,06C,2,17
BAYA BAR,10F,8,17
BAYA BAR,06D,5,17
BAYA BAR,10B,4,17
PAPA JOHN'S PIZZA,04A,4,17
PAPA JOHN'S PIZZA,04N,5,17
PAPA JOHN'S PIZZA,08A,7,17
PAPA JOHN'S PIZZA,06A,3,17
PAPA JOHN'S PIZZA,10E,2,17
PAPA JOHN'S PIZZA,10F,11,17
APPLEBEE'S,06F,2,18
APPLEBEE'S,06D,5,18
APPLEBEE'S,04N,2,18
APPLEBEE'S,10F,14,18
APPLEBEE'S,09B,2,18
APPLEBEE'S,08A,2,18
APPLEBEE'S,10B,4,18
BLUESTONE LANE,04H,3,18
BLUESTONE LANE,08A,2,18
BLUESTONE LANE,06A,2,18
BLUESTONE LANE,06D,6,18
BLUESTONE LANE,02G,6,18
BLUESTONE LANE,04N,3,18
BLUESTONE LANE,10F,12,18
BLUESTONE LANE,06C,3,18
LITTLE CAESARS,02G,4,18
LITTLE CAESARS,04L,4,18
LITTLE CAESARS,09B,2,18
LITTLE CAESARS,10B,2,18
LITTLE CAESARS,08A,5,18
LITTLE CAESARS,06C,2,18
LITTLE CAESARS,10F,10,18
JOE & THE JUICE,10E,2,18
JOE & THE JUICE,06D,6,18
JOE & THE JUICE,10B,4,18
JOE & THE JUICE,04N,3,18
JOE & THE JUICE,08A,6,18
JOE & THE JUICE,10F,14,18
JOE & THE JUICE,04K,2,18
JOE & THE JUICE,04H,2,18
JOE & THE JUICE,04M,2,18
JOE & THE JUICE,04L,4,18
JOE & THE JUICE,06A,2,18
JOE & THE JUICE,02G,3,18
JOE & THE JUICE,06E,3,18
DOMINOS,04L,2,19
DOMINOS,10F,11,19
DOMINOS,04A,5,19
DOMINOS,02G,2,19
DOMINOS,08A,4,19
DOMINOS,10B,2,19
DOMINOS,10E,3,19
BLUE BOTTLE COFFEE,06D,4,19
BLUE BOTTLE COFFEE,10F,14,19
BLUE BOTTLE COFFEE,10H,2,19
BLUE BOTTLE COFFEE,10B,4,19
BLUE BOTTLE COFFEE,02G,2,19
VAN LEEUWEN ICE CREAM,06D,2,20
VAN LEEUWEN ICE CREAM,04A,8,20
VAN LEEUWEN ICE CREAM,05D,3,20
VAN LEEUWEN ICE CREAM,06F,2,20
VAN LEEUWEN ICE CREAM,04L,4,20
VAN LEEUWEN ICE CREAM,10E,2,20
VAN LEEUWEN ICE CREAM,10F,10,20
VAN LEEUWEN ICE CREAM,08A,4,20
TEXAS CHICKEN & BURGERS,02G,6,20
TEXAS CHICKEN & BURGERS,10H,2,20
TEXAS CHICKEN & BURGERS,02B,3,20
TEXAS CHICKEN & BURGERS,10B,2,20
TEXAS CHICKEN & BURGERS,08A,3,20
TEXAS CHICKEN & BURGERS,04L,3,20
TEXAS CHICKEN & BURGERS,10F,13,20
TEXAS CHICKEN & BURGERS,10E,2,20
TEXAS CHICKEN & BURGERS,04A,3,20
TEXAS CHICKEN & BURGERS,06D,3,20
"DUNKIN', 'BASKIN ROBBINS",08A,4,20
"DUNKIN', 'BASKIN ROBBINS",06C,4,20
"DUNKIN', 'BASKIN ROBBINS",10F,11,20
"DUNKIN', 'BASKIN ROBBINS",04N,3,20
"DUNKIN', 'BASKIN ROBBINS",06E,2,20
"DUNKIN', 'BASKIN ROBBINS",10B,4,20
"DUNKIN', 'BASKIN ROBBINS",06D,6,20
FIVE GUYS FAMOUS BURGERS AND FRIES,10F,14,20
FIVE GUYS FAMOUS BURGERS AND FRIES,06D,4,20
FIVE GUYS FAMOUS BURGERS AND FRIES,02B,2,20
FIVE GUYS FAMOUS BURGERS AND FRIES,06C,3,20
FIVE GUYS FAMOUS BURGERS AND FRIES,08A,4,20
FIVE GUYS FAMOUS BURGERS AND FRIES,10B,4,20
FIVE GUYS FAMOUS BURGERS AND FRIES,04N,3,20
WINGSTOP,10F,11,21
WINGSTOP,04H,2,21
WINGSTOP,08A,6,21
WINGSTOP,06C,4,21
WINGSTOP,10B,7,21
WINGSTOP,06D,7,21
WINGSTOP,10H,2,21
WINGSTOP,04L,4,21
WINGSTOP,04A,4,21
WINGSTOP,02B,4,21
WINGSTOP,06A,2,21
WINGSTOP,04N,2,21
KUNG FU TEA,10B,5,21
KUNG FU TEA,06C,5,21
KUNG FU TEA,06F,3,21
KUNG FU TEA,10F,14,21
KUNG FU TEA,04A,4,21
KUNG FU TEA,06D,9,21
KUNG FU TEA,08A,2,21
IHOP,08C,2,22
IHOP,06D,5,22
IHOP,09C,3,22
IHOP,06C,3,22
IHOP,10H,3,22
IHOP,04N,5,22
IHOP,04A,2,22
IHOP,08A,6,22
IHOP,10B,7,22
IHOP,04L,2,22
IHOP,10F,14,22
VIVI BUBBLE TEA,10H,3,22
VIVI BUBBLE TEA,10F,14,22
VIVI BUBBLE TEA,08A,5,22
VIVI BUBBLE TEA,06D,10,22
VIVI BUBBLE TEA,04L,4,22
VIVI BUBBLE TEA,10B,6,22
VIVI BUBBLE TEA,08C,2,22
CHECKERS,02G,4,23
CHECKERS,08A,5,23
CHECKERS,10B,5,23
CHECKERS,04L,4,23
CHECKERS,10F,15,23
CHECKERS,06C,3,23
CHECKERS,06D,2,23
CHECKERS,04H,3,23
GONG CHA,06C,2,23
GONG CHA,04A,2,23
GONG CHA,10F,16,23
GONG CHA,02B,2,23
GONG CHA,10B,6,23
GONG CHA,08C,2,23
GONG CHA,06D,9,23
GONG CHA,04N,3,23
GONG CHA,08A,4,23
WHITE CASTLE,10F,19,23
WHITE CASTLE,02G,2,23
WHITE CASTLE,04L,2,23
WHITE CASTLE,08A,5,23
WHITE CASTLE,06D,4,23
WHITE CASTLE,04N,4,23
DUNKIN DONUTS,06D,5,23
DUNKIN DONUTS,06C,4,23
DUNKIN DONUTS,08C,2,23
DUNKIN DONUTS,10B,4,23
DUNKIN DONUTS,06E,2,23
DUNKIN DONUTS,04L,2,23
DUNKIN DONUTS,10F,14,23
DUNKIN DONUTS,08A,3,23
LE PAIN QUOTIDIEN,10B,4,25
LE PAIN QUOTIDIEN,09E,2,25
LE PAIN QUOTIDIEN,04L,4,25
LE PAIN QUOTIDIEN,10F,14,25
LE PAIN QUOTIDIEN,06D,9,25
LE PAIN QUOTIDIEN,02B,2,25
LE PAIN QUOTIDIEN,09C,2,25
LE PAIN QUOTIDIEN,06C,4,25
LE PAIN QUOTIDIEN,02G,5,25
LE PAIN QUOTIDIEN,08A,4,25
LE PAIN QUOTIDIEN,06A,4,25
LE PAIN QUOTIDIEN,06F,3,25
LE PAIN QUOTIDIEN,05D,2,25
"DUNKIN', BASKIN ROBBINS",10D,2,25
"DUNKIN', BASKIN ROBBINS",09C,2,25
"DUNKIN', BASKIN ROBBINS",10H,2,25
"DUNKIN', BASKIN ROBBINS",04N,4,25
"DUNKIN', BASKIN ROBBINS",02G,4,25
"DUNKIN', BASKIN ROBBINS",08A,4,25
"DUNKIN', BASKIN ROBBINS",06C,4,25
"DUNKIN', BASKIN ROBBINS",10F,17,25
"DUNKIN', BASKIN ROBBINS",06D,7,25
"DUNKIN', BASKIN ROBBINS",10B,3,25
"DUNKIN', BASKIN ROBBINS",06E,2,25
SHAKE SHACK,08A,7,26
SHAKE SHACK,10F,18,26
SHAKE SHACK,10B,7,26
SHAKE SHACK,06D,7,26
SHAKE SHACK,06E,4,26
SHAKE SHACK,06C,3,26
SHAKE SHACK,04L,3,26
SHAKE SHACK,04N,5,26
PARIS BAGUETTE,06D,6,26
PARIS BAGUETTE,10B,2,26
PARIS BAGUETTE,08A,2,26
PARIS BAGUETTE,10H,2,26
PARIS BAGUETTE,02B,10,26
PARIS BAGUETTE,09C,2,26
PARIS BAGUETTE,10F,15,26
PARIS BAGUETTE,04L,2,26
PARIS BAGUETTE,06C,2,26
PARIS BAGUETTE,02G,5,26
PARIS BAGUETTE,06E,2,26
STARBUCKS COFFEE,04N,4,26
STARBUCKS COFFEE,10B,8,26
STARBUCKS COFFEE,06D,4,26
STARBUCKS COFFEE,10F,22,26
STARBUCKS COFFEE,08A,3,26
STARBUCKS COFFEE,02G,5,26
STARBUCKS COFFEE,10G,2,26
JUST SALAD,06C,2,28
JUST SALAD,08A,4,28
JUST SALAD,02G,3,28
JUST SALAD,02B,5,28
JUST SALAD,06D,5,28
JUST SALAD,08B,2,28
JUST SALAD,10B,8,28
JUST SALAD,04N,7,28
JUST SALAD,10F,16,28
PAPA JOHN'S,04N,4,28
PAPA JOHN'S,04L,4,28
PAPA JOHN'S,10E,3,28
PAPA JOHN'S,02G,3,28
PAPA JOHN'S,10F,15,28
PAPA JOHN'S,06D,2,28
PAPA JOHN'S,06A,2,28
PAPA JOHN'S,06E,2,28
PAPA JOHN'S,09C,3,28
PAPA JOHN'S,08A,8,28
PAPA JOHN'S,10B,6,28
PAPA JOHN'S,04A,6,28
KFC,04L,9,31
KFC,06C,3,31
KFC,08A,10,31
KFC,06D,10,31
KFC,04N,5,31
KFC,02G,2,31
KFC,10F,19,31
KFC,04A,3,31
KFC,10E,2,31
KFC,10B,11,31
KFC,06A,2,31
SWEETGREEN,04L,2,32
SWEETGREEN,02B,4,32
SWEETGREEN,09C,2,32
SWEETGREEN,08A,6,32
SWEETGREEN,10D,2,32
SWEETGREEN,10F,17,32
SWEETGREEN,06C,3,32
SWEETGREEN,10B,7,32
SWEETGREEN,04N,5,32
SWEETGREEN,06E,2,32
SWEETGREEN,02G,6,32
SWEETGREEN,10G,3,32
CARVEL,08A,11,39
CARVEL,10F,27,39
CARVEL,06C,6,39
CARVEL,06A,2,39
CARVEL,04A,4,39
CARVEL,06D,5,39
CARVEL,04H,2,39
CARVEL,06F,6,39
CARVEL,10B,5,39
CARVEL,05D,3,39
CARVEL,10E,2,39
CARVEL,06E,5,39
CARVEL,04L,10,39
GOLDEN KRUST CARIBBEAN BAKERY & GRILL,04A,4,40
GOLDEN KRUST CARIBBEAN BAKERY & GRILL,04N,5,40
GOLDEN KRUST CARIBBEAN BAKERY & GRILL,02H,2,40
GOLDEN KRUST CARIBBEAN BAKERY & GRILL,06E,2,40
GOLDEN KRUST CARIBBEAN BAKERY & GRILL,10F,23,40
GOLDEN KRUST CARIBBEAN BAKERY & GRILL,08A,15,40
GOLDEN KRUST CARIBBEAN BAKERY & GRILL,10D,3,40
GOLDEN KRUST CARIBBEAN BAKERY & GRILL,02G,3,40
GOLDEN KRUST CARIBBEAN BAKERY & GRILL,09C,6,40
GOLDEN KRUST CARIBBEAN BAKERY & GRILL,02B,14,40
GOLDEN KRUST CARIBBEAN BAKERY & GRILL,06C,9,40
GOLDEN KRUST CARIBBEAN BAKERY & GRILL,04M,3,40
GOLDEN KRUST CARIBBEAN BAKERY & GRILL,10B,8,40
GOLDEN KRUST CARIBBEAN BAKERY & GRILL,04L,10,40
CROWN FRIED CHICKEN,04M,3,41
CROWN FRIED CHICKEN,04N,3,41
CROWN FRIED CHICKEN,06D,4,41
CROWN FRIED CHICKEN,02C,2,41
CROWN FRIED CHICKEN,10B,10,41
CROWN FRIED CHICKEN,09B,2,41
CROWN FRIED CHICKEN,04A,4,41
CROWN FRIED CHICKEN,02B,3,41
CROWN FRIED CHICKEN,04K,3,41
CROWN FRIED CHICKEN,02I,2,41
CROWN FRIED CHICKEN,02G,10,41
CROWN FRIED CHICKEN,08A,14,41
CROWN FRIED CHICKEN,10G,4,41
CROWN FRIED CHICKEN,08C,6,41
CROWN FRIED CHICKEN,04L,9,41
CROWN FRIED CHICKEN,06A,3,41
CROWN FRIED CHICKEN,06C,5,41
CROWN FRIED CHICKEN,10F,23,41
PRET A MANGER,10F,31,42
PRET A MANGER,02G,9,42
PRET A MANGER,08A,2,42
PRET A MANGER,10A,4,42
PRET A MANGER,06D,12,42
PRET A MANGER,06C,3,42
PRET A MANGER,10B,9,42
WENDY'S,06E,2,45
WENDY'S,04L,2,45
WENDY'S,10B,8,45
WENDY'S,10F,34,45
WENDY'S,06D,12,45
WENDY'S,08A,9,45
WENDY'S,02G,5,45
WENDY'S,06C,6,45
WENDY'S,04N,9,45
WENDY'S,04M,2,45
"DUNKIN',' BASKIN ROBBINS",04L,7,46
"DUNKIN',' BASKIN ROBBINS",08A,14,46
"DUNKIN',' BASKIN ROBBINS",04N,6,46
"DUNKIN',' BASKIN ROBBINS",06F,2,46
"DUNKIN',' BASKIN ROBBINS",06E,3,46
"DUNKIN',' BASKIN ROBBINS",02G,5,46
"DUNKIN',' BASKIN ROBBINS",06C,3,46
"DUNKIN',' BASKIN ROBBINS",06D,7,46
"DUNKIN',' BASKIN ROBBINS",10B,7,46
"DUNKIN',' BASKIN ROBBINS",09C,6,46
"DUNKIN',' BASKIN ROBBINS",10H,4,46
"DUNKIN',' BASKIN ROBBINS",04H,3,46
"DUNKIN',' BASKIN ROBBINS",10F,24,46
"DUNKIN',' BASKIN ROBBINS",06A,3,46
TACO BELL,04N,3,56
TACO BELL,08A,5,56
TACO BELL,06D,9,56
TACO BELL,02B,7,56
TACO BELL,10G,3,56
TACO BELL,10B,11,56
TACO BELL,06C,3,56
TACO BELL,04A,14,56
TACO BELL,10E,3,56
TACO BELL,06E,3,56
TACO BELL,10F,44,56
TACO BELL,06A,3,56
TACO BELL,08C,2,56
DUNKIN',10F,49,61
DUNKIN',09C,2,61
DUNKIN',02G,7,61
DUNKIN',06E,6,61
DUNKIN',06D,15,61
DUNKIN',04H,2,61
DUNKIN',08A,4,61
DUNKIN',06F,4,61
DUNKIN',04N,3,61
DUNKIN',10B,7,61
DUNKIN',06C,5,61
DUNKIN',04A,2,61
DOMINO'S,06B,2,63
DOMINO'S,08B,2,63
DOMINO'S,06A,5,63
DOMINO'S,04A,10,63
DOMINO'S,04N,3,63
DOMINO'S,04K,2,63
DOMINO'S,08C,3,63
DOMINO'S,10E,3,63
DOMINO'S,04M,2,63
DOMINO'S,10B,13,63
DOMINO'S,06F,3,63
DOMINO'S,06C,2,63
DOMINO'S,08A,10,63
DOMINO'S,10H,3,63
DOMINO'S,09E,2,63
DOMINO'S,,2,63
DOMINO'S,04L,5,63
DOMINO'S,10F,41,63
DOMINO'S,10G,3,63
DOMINO'S,02G,11,63
KENNEDY FRIED CHICKEN,10E,3,68
KENNEDY FRIED CHICKEN,04H,2,68
KENNEDY FRIED CHICKEN,04N,10,68
KENNEDY FRIED CHICKEN,04K,4,68
KENNEDY FRIED CHICKEN,02B,5,68
KENNEDY FRIED CHICKEN,10G,2,68
KENNEDY FRIED CHICKEN,08C,3,68
KENNEDY FRIED CHICKEN,10D,6,68
KENNEDY FRIED CHICKEN,04M,4,68
KENNEDY FRIED CHICKEN,04A,9,68
KENNEDY FRIED CHICKEN,06D,3,68
KENNEDY FRIED CHICKEN,06C,6,68
KENNEDY FRIED CHICKEN,06E,3,68
KENNEDY FRIED CHICKEN,06A,9,68
KENNEDY FRIED CHICKEN,05D,4,68
KENNEDY FRIED CHICKEN,04J,2,68
KENNEDY FRIED CHICKEN,09E,2,68
KENNEDY FRIED CHICKEN,04L,13,68
KENNEDY FRIED CHICKEN,09B,2,68
KENNEDY FRIED CHICKEN,28-06,2,68
KENNEDY FRIED CHICKEN,02C,2,68
KENNEDY FRIED CHICKEN,08A,24,68
KENNEDY FRIED CHICKEN,10F,32,68
KENNEDY FRIED CHICKEN,09C,8,68
KENNEDY FRIED CHICKEN,02G,6,68
KENNEDY FRIED CHICKEN,10H,2,68
KENNEDY FRIED CHICKEN,10B,15,68
CHIPOTLE MEXICAN GRILL,09C,12,69
CHIPOTLE MEXICAN GRILL,06C,2,69
CHIPOTLE MEXICAN GRILL,06F,2,69
CHIPOTLE MEXICAN GRILL,08A,10,69
CHIPOTLE MEXICAN GRILL,06D,16,69
CHIPOTLE MEXICAN GRILL,04H,2,69
CHIPOTLE MEXICAN GRILL,02B,6,69
CHIPOTLE MEXICAN GRILL,10H,2,69
CHIPOTLE MEXICAN GRILL,08C,3,69
CHIPOTLE MEXICAN GRILL,10E,3,69
CHIPOTLE MEXICAN GRILL,02G,2,69
CHIPOTLE MEXICAN GRILL,10F,43,69
CHIPOTLE MEXICAN GRILL,06A,3,69
CHIPOTLE MEXICAN GRILL,04L,5,69
CHIPOTLE MEXICAN GRILL,04N,6,69
CHIPOTLE MEXICAN GRILL,10B,19,69
BURGER KING,08C,4,70
BURGER KING,04A,3,70
BURGER KING,10B,10,70
BURGER KING,02G,11,70
BURGER KING,02B,4,70
BURGER KING,06D,19,70
BURGER KING,04N,6,70
BURGER KING,04L,6,70
BURGER KING,08A,14,70
BURGER KING,04M,3,70
BURGER KING,10F,49,70
BURGER KING,04H,2,70
BURGER KING,06C,4,70
POPEYES,08A,22,114
POPEYES,06A,5,114
POPEYES,06F,2,114
POPEYES,10E,2,114
POPEYES,04L,6,114
POPEYES,02B,5,114
POPEYES,06D,16,114
POPEYES,10H,2,114
POPEYES,04H,3,114
POPEYES,04N,15,114
POPEYES,10F,77,114
POPEYES,05D,3,114
POPEYES,08C,2,114
POPEYES,02G,5,114
POPEYES,06C,12,114
POPEYES,10B,26,114
POPEYES,06E,3,114
POPEYES,04A,6,114
POPEYES,10A,2,114
DUNKIN,,8,375
DUNKIN,08B,4,375
DUNKIN,10E,12,375
DUNKIN,06D,83,375
DUNKIN,10A,5,375
DUNKIN,04H,15,375
DUNKIN,10D,3,375
DUNKIN,10H,21,375
DUNKIN,04M,8,375
DUNKIN,04L,15,375
DUNKIN,10F,231,375
DUNKIN,08C,8,375
DUNKIN,02G,33,375
DUNKIN,09C,9,375
DUNKIN,06E,35,375
DUNKIN,10G,5,375
DUNKIN,06C,53,375
DUNKIN,05D,3,375
DUNKIN,04O,3,375
DUNKIN,09B,3,375
DUNKIN,08A,44,375
DUNKIN,06A,6,375
DUNKIN,02B,2,375
DUNKIN,04N,25,375
DUNKIN,10B,50,375
DUNKIN,04K,4,375
DUNKIN,06F,13,375
DUNKIN,04A,19,375
MCDONALD'S,04L,9,166
MCDONALD'S,08C,2,166
MCDONALD'S,,2,166
MCDONALD'S,10F,112,166
MCDONALD'S,10B,41,166
MCDONALD'S,02G,19,166
MCDONALD'S,06A,3,166
MCDONALD'S,05D,2,166
MCDONALD'S,02B,3,166
MCDONALD'S,06D,42,166
MCDONALD'S,10D,3,166
MCDONALD'S,04H,3,166
MCDONALD'S,08A,27,166
MCDONALD'S,10A,2,166
MCDONALD'S,06F,5,166
MCDONALD'S,06E,2,166
MCDONALD'S,05A,2,166
MCDONALD'S,10H,10,166
MCDONALD'S,04M,2,166
MCDONALD'S,04N,15,166
MCDONALD'S,06C,24,166
SUBWAY,10F,102,190
SUBWAY,02C,4,190
SUBWAY,06D,58,190
SUBWAY,08C,10,190
SUBWAY,09E,4,190
SUBWAY,04A,16,190
SUBWAY,02G,17,190
SUBWAY,05D,3,190
SUBWAY,08B,2,190
SUBWAY,04L,27,190
SUBWAY,04N,13,190
SUBWAY,10E,6,190
SUBWAY,10H,5,190
SUBWAY,06F,3,190
SUBWAY,06A,11,190
SUBWAY,02B,3,190
SUBWAY,10A,3,190
SUBWAY,06E,8,190
SUBWAY,04H,7,190
SUBWAY,08A,37,190
SUBWAY,09C,6,190
SUBWAY,06C,16,190
SUBWAY,10B,38,190
SUBWAY,10G,3,190
SUBWAY,10D,6,190
STARBUCKS,04M,2,216
STARBUCKS,10H,4,216
STARBUCKS,04N,29,216
STARBUCKS,10G,8,216
STARBUCKS,09C,3,216
STARBUCKS,10E,9,216
STARBUCKS,06A,5,216
STARBUCKS,,4,216
STARBUCKS,06C,16,216
STARBUCKS,05D,2,216
STARBUCKS,06F,9,216
STARBUCKS,08A,38,216
STARBUCKS,04L,12,216
STARBUCKS,10F,146,216
STARBUCKS,02G,27,216
STARBUCKS,08B,4,216
STARBUCKS,10A,2,216
STARBUCKS,09E,6,216
STARBUCKS,04H,3,216
STARBUCKS,08C,2,216
STARBUCKS,04A,3,216
STARBUCKS,10B,32,216
STARBUCKS,06D,28,216
